nombre,precio
Silent World,$4.99 USD
Hohokum,$3.47 USD
YesterMorrow,$19.99 USD
Potion Craft: Alchemist Simulator,$10.49 USD
Island Saver,Gratis
Universe Quiz,$1.99 USD
Matrix Brain Twister,$19.99 USD
Super Kickers League,$5.79 USD
Find Me: Horror Game,$11.99 USD
NEOMORPH,$0.89 USD
Berserk Soccer,$4.99 USD
Trifox,$19.99 USD
Guardian of Lore,$13.99 USD
Infferno,$14.99 USD
Pretty Neko,$0.99 USD
Hourglass,$19.99 USD
Ven Adventure,Gratis
COCKHEAD: BIG KAHUNA BAR,Gratis
RUN HARE RUN,$4.99 USD
Flirt Balls,$0.99 USD
MONOBOT,$14.99 USD
Mr. Fast,$0.99 USD
Rain on Your Parade,$14.99 USD
Command & Conquer™ Remastered Collection,$19.99 USD
Spirit of the North,$10.49 USD
Cave Quest,$6.99 USD
TRIOS,$0.79 USD
Hotel Renovator,$9.59 USD
Zooma,$5.99 USD
Mr. Sun's Hatbox,$7.99 USD
DriftOn,$2.99 USD
Danko and the mystery of the jungle,$0.99 USD
DragonScales 3: Eternal Prophecy of Darkness,$6.99 USD
Mask of Mists,$5.99 USD
Down The Rabbit Hole,$10.49 USD
My Friend is a Raven,Gratis
Memeow & Comodore: Reloaded,$2.99 USD
New Planets,$0.99 USD
Slaughter 3: The Rebels,$6.99 USD
Casina: A Visual Novel set in Ancient Greece,$3.99 USD
Animal Revolt Battle Simulator,$14.99 USD
Economica,$7.99 USD
Forever Ago,Gratis
Hentai Sakyubus,$0.99 USD
Hentai Pansuto,$0.99 USD
QUICAL,$4.99 USD
Player's Eleven,$17.99 USD
Time Hacker,$14.99 USD
Shieldwall,$11.99 USD
Sweet Holiday Jigsaws: Halloween Night,$4.99 USD
My Diggy Dog 2,$4.99 USD
Gunfire Reborn,$10.49 USD
Terminal squad: Swarmites,$3.99 USD
Immortal Legacy: The Jade Cipher,$16.99 USD
ILY,$7.99 USD
Coromon,$6.29 USD
Factory Rally Madness,$15.99 USD
Beatdown Brawler,$2.99 USD
Bato: Treasures of Tibet,$1.49 USD
Pastel,Gratis
Pets Sniper Shooting,$0.99 USD
BioGun,Gratis
Poly Squad,$2.99 USD
Hentai Darts,$1.99 USD
Eville,$7.99 USD
Blue Fire,$10.49 USD
Cartel Tycoon,$14.99 USD
Tentacular,$12.49 USD
Racing Bike Fight,$0.99 USD
US Spy: Mission in Russia,$1.99 USD
Ghone is gone,$0.99 USD
Boulder Dash Deluxe,$14.99 USD
NORCO,$7.99 USD
Tavern Cards,$39.99 USD
Chronicle: Unit Eight,$7.99 USD
The Revenge of Johnny Bonasera: Episode 4,$4.99 USD
AstroCleaners,Gratis
Necromunda: Hired Gun,$24.99 USD
Sockventure,$7.99 USD
Heist Simulator,Gratis
Gunbrick,$14.99 USD
La Historia De,$6.99 USD
Retro Drift,$0.99 USD
黄河大合唱,$0.99 USD
A Way Out,$29.99 USD
Dragon Age™ Inquisition,$39.99 USD
Need for Speed™ Heat ,$69.99 USD
Beyond The Underworld,$0.99 USD
Ragamuffins,Gratis
BalloonBoyBob,$0.99 USD
World of Warships — Composer’s Choice,Gratis
Erra: Exordium,$19.99 USD
Creepy Tale,$2.99 USD
Tennis World Tour 2,$19.99 USD
Sakura Hime 2,$3.99 USD
Kingpin: Reloaded,$10.49 USD
Krystopia: Nova´s Journey,$10.99 USD
Flirt,$1.99 USD
A Mysterious Gallery,$6.99 USD
Sea of Solitude,$19.99 USD
Fe,$19.99 USD
HENTAI SEEK,$0.99 USD
Heat and Run,$10.99 USD
Trigon: Space Story,$4.99 USD
HENTAI RESORT - Dream Paradise,$0.99 USD
Over the Alps,$12.99 USD
Despot's Game: Dystopian Battle Simulator,$10.49 USD
Taur,$24.99 USD
Severed Steel,$7.00 USD
Bang-On Balls: Chronicles,$12.49 USD
Partisans 1941,$14.99 USD
Crisp Cube,$1.99 USD
Bartlow's Dread Machine,$5.99 USD
Blind Battle Championship,$5.99 USD
Dark Judgement,$12.99 USD
Dice Legacy,$11.49 USD
Company of Crime,$10.49 USD
Onirike,$14.99 USD
Chained Echoes,$12.49 USD
Koumajou Remilia II: Stranger's Requiem,$29.99 USD
Disc Room,$7.99 USD
Imagine Lifetimes,$5.99 USD
Hentai Seek Girl,$1.99 USD
Gunsmith Simulator: Prologue,Gratis
Proyecto Flamingo X1,$5.99 USD
Blendy 2 Dolls Factory,$1.99 USD
Beach Buggy Racing 2,$8.49 USD
Freedom Isn't Free,$4.99 USD
Gravity Pro,Gratis
Sakuya Izayoi Gives You Advice And Dabs,$0.66 USD
A Little Golf Journey,$7.29 USD
Radical Rabbit Stew,$15.99 USD
Gestalt: Steam & Cinder,Gratis
"Haiku, the Robot",$19.99 USD
Climber: Sky is the Limit,$21.99 USD
Alpaca Ball,$10.99 USD
Panic Station VR,Gratis
Paper Beast,$19.99 USD
Super Hiking  Simulator 2020,$1.26 USD
Mirror's Edge™ Catalyst,$19.99 USD
FAIRY TAIL,$49.99 USD
Abracadabrew,$11.99 USD
DUBIUM,Gratis
Ducks' Wrath,$0.89 USD
Torofun,Gratis
Elf Breeding Farm,$5.99 USD
Ad Infinitum,$19.99 USD
INTO THE BACKROOMS,Gratis
Paug,Gratis
NUMTATE,$2.99 USD
Astronarch,$7.99 USD
Gotcha,$24.99 USD
Yakuza: Like a Dragon,$59.99 USD
Magical Miri,$16.99 USD
Hentai Girl Seek,$0.99 USD
Armoured Onslaught,$17.99 USD
Dark Water : Slime Invader,$14.99 USD
Goddess of Hentai,$0.99 USD
Bamerang,$4.99 USD
Hentai hentai,$0.99 USD
Resident Evil Re:Verse,$29.99 USD
Hentai Thigh,$0.99 USD
The Cyclist: Tactics,$17.99 USD
Edge of Reality,$0.99 USD
Anti Air,$7.29 USD
The Catch: Carp & Coarse Fishing,$7.99 USD
Kinky Fight Club,$19.99 USD
"Dr Livingstone, I presume? - Reversed Escape Room",$7.99 USD
Redneck Ed: Astro Monsters Show,$4.99 USD
Sonic Frontiers,$59.99 USD
Dead Space™ 3,$19.99 USD
Dragon Age II,$29.99 USD
Mass Effect 3 (2012),$29.99 USD
Mass Effect™: Andromeda,$39.99 USD
STAR WARS™ Battlefront™,$19.99 USD
Titanfall® 2,$29.99 USD
The Trud,$2.99 USD
Catlateral Damage: Remeowstered,$7.99 USD
Into A Dream,$11.99 USD
Frontline: Panzer Blitzkrieg!,$9.99 USD
Battlefield™ Hardline,$39.99 USD
Battlefield 4™ ,$39.99 USD
Battlefield 1 ™,$39.99 USD
Battlefield 3™ ,$39.99 USD
Truck Parking Simulator,Gratis
Madden NFL 21,Gratis
Genokids,Gratis
Animal Shelter,$9.99 USD
SokoBunny,$3.59 USD
Cannon Jump,$0.90 USD
Until the Last Plane,$5.79 USD
TechnoTsunami,$4.99 USD
Shell Corp,$12.99 USD
The Botanist,$2.99 USD
There Is No Game: Wrong Dimension,$7.29 USD
Jetpack Stadium,$5.99 USD
Seek Girl 2,$0.99 USD
Legacy of Sin the father sacrifice,$7.99 USD
Scorched Islands,$3.99 USD
POLYGON,Gratis
Bomb Fight,$4.99 USD
Haunted Space,Gratis
Simplode Suite,Gratis
Tower of the Approval,$19.99 USD
The Galactic Junkers,$16.99 USD
Mr Maker 3D Level Editor,$1.99 USD
Hellpoint: The Thespian Feast,Gratis
Nimbatus - Drone Creator,Gratis
Galaxy Warfighter,$6.99 USD
James Peris: Sin licencia ni control - Edición definitiva,$11.99 USD
KeyWe,$24.99 USD
Sword of the Necromancer,$14.99 USD
Evil Inside,$12.99 USD
This Bed We Made,$24.99 USD
Overcooked! All You Can Eat,$18.99 USD
KUR,$19.99 USD
Fragile Box,$0.49 USD
Unspottable,$5.79 USD
Terraformers,$10.49 USD
PsychoSimulator,Gratis
Let`s Drive,Gratis
Golden Light,$10.49 USD
Cubic Juice,$24.99 USD
Battletoads,$19.99 USD
Ultimate Ski Jumping 2020,$9.99 USD
An Airport for Aliens Currently Run by Dogs,$10.49 USD
Boom Blaster,$2.49 USD
Domino Simulator,$9.99 USD
Grand Mountain Adventure,$19.99 USD
SpellMaster: The Saga,$24.99 USD
Lesbian Voyeur Simulator,$7.75 USD
Dwarf Shop,$9.99 USD
Expedition Zero,$10.49 USD
Trailer Trashers,$4.99 USD
Realpolitiks II,$12.49 USD
RATTUS,$0.99 USD
ENEFN,$2.99 USD
Daedaluz,Gratis
Hero of the Kingdom: The Lost Tales 1,$1.39 USD
Skully,$29.99 USD
American Arcadia,$10.49 USD
ISOLAND3: Dust of the Universe,$1.99 USD
NAMCO MUSEUM ARCHIVES Vol 1,$15.99 USD
Spellbind Tactics,Gratis
Operencia: The Stolen Sun - Explorer's Pack,$2.79 USD
Crafting Idle Clicker,Gratis
Box:Boxing,$1.99 USD
Last Floor,$9.99 USD
Pejes Vs Zombies,Gratis
GOAL! The Club Manager,$29.99 USD
Deathtrap Dungeon: The Golden Room,Gratis
Escape of Mari: The Polar Ladybug,$0.99 USD
Kill Yourself,$1.99 USD
Divinoids,Gratis
DEATHLOOP,$35.99 USD
Aeon Drive,$14.99 USD
Primal Dungeon,$2.99 USD
A Juggler's Tale,$9.29 USD
WWII Partisanen,$4.99 USD
Sentry,Gratis
Mini Golf Club,$14.99 USD
Futuball - Future Football Manager Game,Gratis
Rogue Legacy 2,$12.49 USD
Oh My Girl / 我的女孩,$0.99 USD
The Pope: Power & Sin,Gratis
Little Adventures,$6.99 USD
Super Soccer Blast,$7.99 USD
Knights of Braveland,$10.49 USD
Locked,$1.99 USD
Phobies,Gratis
Night Reverie,$5.79 USD
NAMCO MUSEUM ARCHIVES Vol 2,$15.99 USD
Belote - Play & Learn,$3.99 USD
Let's Learn Korean! Hangul,$2.99 USD
Rain Island,$2.99 USD
High Strategy: Urukon,$9.99 USD
VIP Rebels,Gratis
Nuke Zone,Gratis
Cosmodread,$7.99 USD
Hyper Treasure - The Legend of Macaron,$3.99 USD
No Life,Gratis
Super Arcade Soccer 2021,$5.99 USD
Sentimental K,$13.49 USD
Bloodstained: Curse of the Moon 2,$8.49 USD
Mechstermination Force,$6.59 USD
Shelter Manager,$14.99 USD
Clea 2,$13.99 USD
SOLAS 128,$7.99 USD
I'm on Observation Duty 2,$2.99 USD
Nyanco Space,$1.99 USD
Time Rift,$9.99 USD
B100X - Auto Dungeon RPG,Gratis
JACK 'N' HAT,$7.99 USD
Cyborg Arena 2,$4.99 USD
AST-Hero,$4.99 USD
Aladdin - Hidden Objects Game,$4.99 USD
Escape First 3,$6.99 USD
Core Defense: Prelude,Gratis
Rover Wars,$6.99 USD
Virus Buster,$0.99 USD
Days Gone,$49.99 USD
RIDE 4,$39.99 USD
Northern Tale 5: Revival,$5.99 USD
The House of Da Vinci 2,$19.99 USD
MXGP 2020 - The Official Motocross Videogame,$39.99 USD
Puyo Puyo™ Tetris® 2,$29.99 USD
The Sacred Acorn,Gratis
Hentai Fantasy,$0.59 USD
Patrick's Parabox,$10.49 USD
Ultimate Truco,Gratis
Streamer Life Simulator,$4.19 USD
The Casebook of Arkady Smith,$1.99 USD
Mister Versatile: A Gay Superhero Visual Novel,$10.49 USD
Rebirth Online,Gratis
Hentai Karada,$0.99 USD
Ponpu,$7.99 USD
Asterix & Obelix XXL,$19.99 USD
Plants vs. Zombies: Battle for Neighborville,$39.99 USD
Ultimo Reino 2,$4.99 USD
Black blood,$0.99 USD
Battle Ram,$14.99 USD
Super Mombo Quest,$19.99 USD
Need for Speed™ Most Wanted,$19.99 USD
Handball Manager 2021,$17.49 USD
Horned Knight,$5.99 USD
Heart's Medicine - Doctor's Oath,$9.29 USD
Crazy Projectile,$0.97 USD
Polary,$0.49 USD
Ruin Raiders,$10.49 USD
Need for Speed™ Rivals,$19.99 USD
Need for Speed™ Payback,$29.99 USD
Smashing Spirits: Brazil’s First Boxer,$3.99 USD
Oppai Muse,$1.49 USD
The Last Kids on Earth and the Staff of Doom!,$29.99 USD
Blightbound,$10.49 USD
Football Manager 2021 Touch,Gratis
Football Manager 2021,Gratis
Yacht Mechanic Simulator,$7.99 USD
VIY,$2.99 USD
Slipways,$8.99 USD
Card Blitz: WWII,Gratis
Unbinary,$14.99 USD
Coronavirus Evolution,$1.99 USD
Dreamjob: Programmer Simulator - Learn Programming Games,Gratis
Broll,$3.99 USD
Escort Alia,$0.90 USD
Get Gem,$0.90 USD
Freddy Spaghetti,$4.99 USD
Watcher Chronicles,$19.99 USD
R.I.C.O. 2: London,$34.99 USD
Horse Riding Deluxe 2,$10.49 USD
One More Shot,$1.99 USD
Miden Tower,$14.99 USD
3D Hentai Blackjack,$1.49 USD
The Pale Beyond,$5.24 USD
Life is Strange: Before the Storm Remastered,$31.99 USD
Life is Strange Remastered,$31.99 USD
NASCAR Heat 5,$14.99 USD
Fights in Tight Spaces,$24.99 USD
Hentai Harem,$0.99 USD
Through the Nightmares,Gratis
The Last Stand: Aftermath,$12.49 USD
Ultimate ADOM - Caverns of Chaos,$10.49 USD
Destroy All Humans! 2 - Reprobed,$18.99 USD
SGS Afrika Korps,$24.99 USD
Monorail Stories,$5.27 USD
Stealth Master,$9.99 USD
Melvor Idle,$6.29 USD
Heartless reseller is Roguelike,$0.99 USD
WRC 9 FIA World Rally Championship,$14.99 USD
Britannia,$17.99 USD
Fantasy World Online Tycoon,$5.79 USD
Naked Puzzle: Girls,$0.99 USD
Lair Land Story,$7.99 USD
War Islands,$19.99 USD
FotoMuseo 3D,$4.99 USD
Dark Fracture,Gratis
Skitt,$4.99 USD
The 100-Player Twitch Chat Party Pack,$15.00 USD
Arko,$2.99 USD
Fly Punch Boom: First Impact!,Gratis
Fred3ric,$9.99 USD
Amber Time,$1.49 USD
pureya,$2.99 USD
Kainga,$19.99 USD
4 Minutes to the Apocalypse,Gratis
Crowalt: Traces of the Lost Colony,$5.79 USD
Magic Twins,$6.99 USD
Gone: Survival,$5.79 USD
Frag Grounds,$18.99 USD
Spirit,$29.99 USD
WHALIEN - Unexpected Guests,$19.99 USD
MUSCLE POWER,$1.99 USD
Bat of Dead,$0.99 USD
Queen's Glory,$5.79 USD
Let's Cook Together,$8.49 USD
Hentai vs Virus: I Am Waifu,$0.49 USD
Hentai I'm coming!,$0.99 USD
Premier Manager 04/05,$2.99 USD
Premier Manager 09,$2.99 USD
Angels on Tanks,$7.99 USD
Grand Casino Tycoon,$10.49 USD
Unferat,$1.79 USD
LEWDAPOCALYPSE,$0.59 USD
HOT WHEELS UNLEASHED™,$39.99 USD
Zombie Derby: Pixel Survival,$4.99 USD
Diplomacy is Not an Option,$12.49 USD
Zombusters,$2.99 USD
Space Chef,Gratis
The Life and Suffering of Sir Brante,$10.49 USD
Darkanoid,$2.99 USD
Dordogne,$8.99 USD
Nine Witches: Family Disruption,$19.99 USD
Breakpoint,$4.99 USD
Sphere: Flying Cities,$9.29 USD
Glory Horse Racing,$16.99 USD
Ashwalkers,$11.99 USD
Bring You Home,Gratis
Mail Mole,$7.49 USD
The Last Day Defense VR,$9.99 USD
Selfless Heroes,$5.99 USD
Weapons Genius VR,$5.99 USD
The Ball Adventure,$2.99 USD
HeatWave,Gratis
SOULBOUND,$9.99 USD
The Last Faith,$14.00 USD
DEVOUR,$2.99 USD
Gorilla Guerrillas,Gratis
Green Project,$5.99 USD
Cyber Agent,$1.49 USD
Boston AInamics,$9.29 USD
Get Over Blood,$9.29 USD
Revival: Recolonization,$14.99 USD
Mayhem Brawler,$10.49 USD
ISOLAND: The Amusement Park,$1.99 USD
Rain City,$2.49 USD
Call of Coronga,$3.99 USD
一星的我与最强地下城,Gratis
Rogue Robots,$6.99 USD
GRID Legends,$59.99 USD
Ravenbound,$14.99 USD
TOEM,$10.49 USD
Ruth's Journey,Gratis
Gun Jam,$19.99 USD
Barold,$3.99 USD
Escape Dungeon 2,$9.29 USD
Bhop PRO,$2.49 USD
FORECLOSED,$8.99 USD
CyberOps Prologue,Gratis
Corners,$0.99 USD
3D Math - Ultra,$4.99 USD
Way of Heroes,$0.99 USD
Space Battle,Gratis
logiCally,$3.99 USD
Remains,$3.59 USD
Bears In Space,Gratis
CORONAVIRUS BATTLEGROUNDS: Coronavirus News,$2.99 USD
Elliot,$7.99 USD
Creature Lab,$10.49 USD
Hedera,$2.99 USD
Occupy Mars: Prologue,Gratis
Virus Madness - Dungeons of your Body,$0.99 USD
Greak: Memories of Azur,$10.49 USD
Music Ball,$0.99 USD
Embracelet,$12.99 USD
astro dash,$0.99 USD
Pink Island,$2.99 USD
Dreams Keeper Solitaire,$5.99 USD
Be My Mom,Gratis
Beautiful Light,Gratis
Epic Chef,$12.49 USD
Rompe,Gratis
HEDE Game Engine,$9.29 USD
EA SPORTS™ FIFA 21 ,Gratis
Aristocunts,$4.99 USD
Feylin,$0.49 USD
Improbable Soccer,$3.99 USD
Mini Maker: Make A Thing,$9.99 USD
Ikai,$14.99 USD
Kingdom Under Fire: Heroes,$19.99 USD
Move 'n' Bloom,Gratis
Source of Madness,$10.49 USD
Gravity Oddity,$7.99 USD
Wave Rider,$3.99 USD
Force of Nature 2,$8.49 USD
Primordials: Battle of Gods,Gratis
Destropolis,$5.99 USD
VLADiK BRUTAL,Gratis
Buster's Tower Defense,$9.99 USD
Lonefarm,Gratis
Charge Knight,Gratis
Shields of Loyalty,$17.99 USD
Vertigo Remastered,$24.99 USD
Phantasm: MoonCity,Gratis
BROK the InvestiGator - Prologue,Gratis
shapez,$5.79 USD
Husbandry,$1.99 USD
Summer in Mara Prologue,Gratis
Chasing Static,$7.99 USD
Pangman,$11.99 USD
"Damn, what was yesterday?",$5.99 USD
Our Beautiful Earth,$6.99 USD
Knight's maze,$0.99 USD
Little Chick,$1.99 USD
Power of Ten,$11.99 USD
World of Towers,$2.99 USD
Lost In Space,Gratis
Curved Space,$19.99 USD
Lifeguard Simulator,Gratis
Wanted Raccoon,$8.99 USD
Real Farm – Gold Edition,$19.99 USD
Death Come True,$15.99 USD
Hello Neighbor 2,$9.49 USD
American Theft 80s,$10.49 USD
Tsugunohi,$9.99 USD
DriftZ,$2.99 USD
VR-NISSAGE 3 - John Wentz Art Exhibition,Gratis
Pizza Bike Rider,$0.99 USD
Fear the Dark Unknown: James,$16.99 USD
The lost Labyrinth,$5.99 USD
Ninja Simulator,Gratis
Aerial_Knights Never Yield,$1.31 USD
GetsuFumaDen: Undying Moon,$12.49 USD
Quest 4 Papa,Gratis
Corona Simulator,$7.29 USD
Cyberpunk Detective,Gratis
Micetopia,$4.99 USD
COVID-19 Isolation,$5.99 USD
Nioh 2 – The Complete Edition,$41.69 USD
Viticulture,$14.99 USD
Festival Tycoon,$7.29 USD
Pandemic: The Virus Outbreak,$1.49 USD
SILT,$14.99 USD
Redneck Party,Gratis
Solar System Colonist,Gratis
AstroWings: Space War,$7.99 USD
Sogo Vego,Gratis
Maestro VR,$29.99 USD
Earth: 9000,$4.99 USD
Techno Chicken,Gratis
Lost in Play,$19.99 USD
Jumper Starman,$1.99 USD
Mass Effect™ Legendary Edition,$59.99 USD
Need for Speed™ Hot Pursuit Remastered,$29.99 USD
Seven Doors,$3.99 USD
Ole,Gratis
Godsworn,Gratis
Karting,$1.49 USD
Big Farm Story,$19.99 USD
SpiderHeck,$7.99 USD
Override 2: Super Mech League,$29.99 USD
Libe,$4.99 USD
F.I.S.T.: Forged In Shadow Torch,$14.99 USD
Becastled,$7.99 USD
Strike The Striker Z,$5.79 USD
Let's Journey: Dragon Hunter,$7.99 USD
Taimanin Collection: Battle Arena,Gratis
Wolfstride,$7.99 USD
International Space Banana,$0.89 USD
Bring Dad Home,$2.99 USD
Stray,$9.89 USD
Morkredd,$10.49 USD
Thief Simulator 2,$10.49 USD
Gladiator Guild Manager: Prologue,Gratis
Open The Gates!,$7.29 USD
Song of Nunu: A League of Legends Story,$29.99 USD
The Hayseed Knight,$14.99 USD
KinnikuNeko : SUPER MUSCLE CAT,Gratis
Alex Kidd in Miracle World DX,$10.49 USD
Police hot Tale,$0.89 USD
SugarWinds,Gratis
Wordle,$10.49 USD
Viral Execution,$9.99 USD
Deja Vu Collector's Edition,$9.99 USD
Furry Love,$0.89 USD
Rolling Arcade,$0.89 USD
Salubrious Scales,$9.99 USD
Dread Templar,$10.49 USD
UNREAL LIFE,$19.99 USD
The Escape from Bungalow,$3.39 USD
Chef Chen,$7.29 USD
Painted Legend 2,$1.99 USD
Sumire,$3.59 USD
Chupa Chupa VR,$8.79 USD
Whispers of the Ancients,$9.99 USD
Inside the Box,$1.99 USD
Bridge Constructor: The Walking Dead,$0.57 USD
Greedy Maze,$2.99 USD
Circle Hitter,$1.99 USD
Droid Guier,$0.99 USD
Operation Tango,$9.99 USD
Hashiriya Drifter,$1.49 USD
Poco In,Gratis
Gripper,$19.99 USD
-SPROUT-,$5.99 USD
Floodland,$14.99 USD
The Last Surface,$0.99 USD
Alba: A Wildlife Adventure,$8.99 USD
Naudrion,$9.99 USD
Space Aliens Invaders,$3.99 USD
Risk of Rain Returns,$7.99 USD
Warhammer Age of Sigmar: Tempestfall,$19.99 USD
Serial Cleaners,$12.49 USD
Choice of Life: Middle Ages,$2.99 USD
Lemon Cake,$14.99 USD
Teratopia,$14.99 USD
Super Glitter Rush,$3.99 USD
Death in the Water 2,$10.49 USD
Sniper Ghost Warrior Contracts 2,$19.99 USD
McPixel 3,$5.79 USD
Sheng Tian (升天) - Episode 1,$4.99 USD
AFTERBLAST,Gratis
Aquarium Designer,$9.99 USD
Treasure of Cutuma 3rd,$1.26 USD
American Camper Simulator,Gratis
The Unbeatable Path,$10.49 USD
Solitaire 3D,$14.99 USD
Labyrinth of the Chaka King,$3.19 USD
MORTE,$3.99 USD
Sherwood Extreme,$10.49 USD
Blu,Gratis
The Last Saviour,$4.99 USD
Karting Grand Prix Minigame,$0.89 USD
Battleground,$0.99 USD
HORROR TALES: The Wine,$16.99 USD
The Cosmic Wheel Sisterhood,$9.29 USD
Solitaire. Elemental Wizards,$4.99 USD
Kitori Academy,Gratis
Crazy Kung Fu,$14.99 USD
BALAN WONDERWORLD,$31.99 USD
Inexplicable Deaths In Damipolis,$1.99 USD
Oniria Crimes,$1.15 USD
We Were Here Forever,$5.10 USD
Notre Dame (VR),Gratis
DYNASTY WARRIORS 9 Empires,$49.99 USD
Castle on the Coast,$7.99 USD
As Dusk Falls,$29.99 USD
Alt254,$6.99 USD
MadGuns,Gratis
SAMURAI SHODOWN,Gratis
The Cabbage Effect,Gratis
Who Needs a Hero?,$1.34 USD
GangV,$14.99 USD
Werewolf: The Apocalypse - Heart of the Forest,$14.99 USD
Dolphin Trainer VR,Gratis
I dream of you and ice cream,$2.99 USD
Thymesia,$12.49 USD
Afraid of the Night,Gratis
Project 01,Gratis
Dealer's Life 2,$5.27 USD
Trollhunters: Defenders of Arcadia,$24.99 USD
Dooria,$2.99 USD
Throwing Stone,$4.99 USD
Retrowave Hexon,$0.99 USD
Black Smith2,$19.99 USD
Teodoro and the Evil Machines,Gratis
Mushroom Challenge,$9.29 USD
Claw Crane Company,$7.99 USD
Girabox,$1.99 USD
Zefyr: A Thief's Melody,Gratis
Quiet Town,$2.99 USD
BiteVille,$6.99 USD
Promesa,$3.99 USD
Road to Hollow Hills,Gratis
Regrowth,$5.79 USD
Sign of Silence,$4.99 USD
RiMS Racing,$24.99 USD
Deliver Us Mars,$6.74 USD
Grapple Dog,$7.99 USD
Ragnarock,$12.49 USD
Funny Bunny Gun,Gratis
Matchpoint - Tennis Championships,$39.99 USD
Ghost Sync,$14.99 USD
Justice Chronicles,$14.99 USD
ANDOR Ladies,$0.99 USD
Impact Trial: Simulation,Gratis
Deep Space Outpost,$5.99 USD
Gehinnom,$9.99 USD
beVaiR,$29.99 USD
Thats Life of Ralph,$1.99 USD
Martial Law,Gratis
Logic Light,$1.99 USD
Tiny Tina's Assault on Dragon Keep: A Wonderlands One-shot Adventure,$4.99 USD
Purrgatory,Gratis
Neko Candy Shop,$0.89 USD
Arctictopia,$2.99 USD
Super Auto Pets,Gratis
BeeCraft,$5.79 USD
Ginger - The Tooth Fairy,$14.99 USD
Wall of insanity,$6.99 USD
Angels Cove,$2.99 USD
Pirates of the Sea,$17.99 USD
Find Love or Die Trying,Gratis
Pets Hotel,$8.09 USD
Soul Stalker,$4.99 USD
Road Builder,$9.99 USD
ASTERO INC,$11.99 USD
Charon's Staircase,$3.99 USD
Slappy Board,$7.99 USD
Megania Online,Gratis
Crysis Remastered,$5.99 USD
Bail or Jail,$10.49 USD
Floating Farmer,$1.04 USD
Ancient Gods,$19.99 USD
The Magister - The First Two Days,Gratis
Retro Golden Age - Livingstone Supongo,$5.99 USD
Arkanoid - Eternal Battle,$19.99 USD
My Universe - Green Adventure - Farmer Friends,$24.99 USD
Ratten Reich,Gratis
Fallen City Brawl,Gratis
Xenocider,Gratis
My first Furry,$1.99 USD
Ed-0: Zombie Uprising,$29.99 USD
Mahokenshi - The Samurai Deckbuilder,$12.49 USD
Tentacles of Submission,$0.89 USD
Remorse,Gratis
Pompom,$9.99 USD
Guardians Of Gaia,Gratis
MONSTERGEDDON 42: Monsters of the Eternal World War™,Gratis
Space Battle SVF,$0.90 USD
Interconnected Stories,Gratis
Illuminaria,$7.99 USD
Kate Don't Wait,$3.99 USD
Endocrisis Hyperactive,Gratis
Mini Island: Autumn,$2.99 USD
Aspire: Ina's Tale,$7.29 USD
Unlock Kimono Cuties,$2.81 USD
Fox Goes Hunting ™,$5.99 USD
The Captain,$10.49 USD
Haunted Game,$4.99 USD
Masochistic Elves from Another World,$5.79 USD
City of Cards,Gratis
What Lies in the Multiverse,$7.99 USD
Sky Tale,$1.07 USD
Everdell,$19.99 USD
Dream Girls Collection,$0.99 USD
My Singing Monsters Playground,$39.99 USD
Fireside,Gratis
Right To Asylum,Gratis
Sorcerer Knights,$4.99 USD
Pots and Potions,Gratis
LOFI Katana,$8.99 USD
Quest of Wizard,$1.99 USD
Don't Hate My Music Taste,$1.99 USD
Furry Shades of Gay 2: A Shade Gayer,$2.89 USD
Time Lock VR 2,$5.79 USD
Carrot Girl Adventures,$0.99 USD
Almazy,$4.99 USD
Terrain Defender,$0.89 USD
Welcome to Goodland,$16.99 USD
Epic Fantasy Battle Simulator,$9.99 USD
House of Rules,$7.99 USD
looK INside - Chapter 2,$6.99 USD
Elypse,$9.99 USD
Potata: Foxy Tale,Gratis
No Straight Roads: Encore Edition,$24.99 USD
Pathless Woods,Gratis
Cursed to Golf,$10.49 USD
GASERB,Gratis
Buramato,Gratis
Peter's Adventures in English,$4.99 USD
Game Developer Simulator,$3.99 USD
爆战联盟,Gratis
Neighbor Diana,$0.99 USD
Murderous Muses,$7.79 USD
Puzzle Fever,$34.99 USD
Summoner's Mess,$1.99 USD
Gorge,Gratis
Diamond Hands: To The Moon,$4.49 USD
Mars Tactics,Gratis
My Cozy Home,Gratis
RandoMine,Gratis
Paradise Delight,$2.99 USD
Evolution of War,$1.99 USD
Penguin Quest,$0.99 USD
Legendary Tales: Сataclysm,$9.99 USD
Legendary Tales: Stolen Life,$9.99 USD
Rush Rally Origins,$14.99 USD
Falling As Lightning,Gratis
OnlyGame: Working Girls,$1.99 USD
Dashpong,$3.50 USD
Last Vanguard,Gratis
Eternal Warfare,$11.99 USD
Beyond the Long Night,$9.29 USD
Skeleton Troubles,$0.99 USD
Rhythm Brawl,$4.99 USD
Luto,Gratis
Fira,$4.99 USD
Retro Gadgets,$19.99 USD
Hatch,$3.99 USD
Treasure Girl 3D,$1.04 USD
Color Connect,$9.99 USD
We Love Katamari REROLL+ Royal Reverie,$11.99 USD
Klonoa Phantasy Reverie Series,$31.99 USD
Shattle,Gratis
Global City,Gratis
At Your Service,Gratis
Prop Factory,$1.49 USD
Snowyland,$2.99 USD
Extrorb,$0.99 USD
Alien Hunt,$0.99 USD
LEGO® Brawls,$5.79 USD
Lucent Bounds,$1.99 USD
The Crown of Wu,$19.99 USD
FATAL FRAME / PROJECT ZERO: Maiden of Black Water,$33.29 USD
Love Season,$14.99 USD
Car Wash TD - Tower Defense,$9.99 USD
Sakura Hime,$3.99 USD
Creatures Of War,Gratis
Bulanci,Gratis
Photography Simulator,Gratis
Spaceship Trouble,$44.99 USD
Looking for Aliens,$4.49 USD
東方紅夜狂宴 ~Red Empress Devil.,Gratis
Yurukill: The Calumniation Games,$39.99 USD
Kingdom of Heroes,$7.99 USD
PUPPETEERS,$9.99 USD
Brutal Orchestra,$8.39 USD
DRAKE,Gratis
Mission 1985,$9.99 USD
YOGA MASTER,$24.99 USD
They are coming,$5.79 USD
Minesweeper Ultimate,$1.99 USD
The Eightfold Path,Gratis
Ducky,$4.99 USD
Theory of Poltaran,$9.99 USD
Frostory,Gratis
Lúcido,Gratis
Virtual world-Digital girl,$4.99 USD
Mr. Hopp's Manor Escape,$3.99 USD
Meta Meet Cute!!!,$4.63 USD
Hidden Objects - Sleeping Beauty,$2.99 USD
Marlon's Mystery,$9.99 USD
Death of the Reprobate,Gratis
REDSIDE episode 1,$7.99 USD
Colors! Maze,$0.89 USD
Smushi Come Home,$10.49 USD
Strange Town,$8.99 USD
Rayland,$2.99 USD
Flesh Water,Gratis
Have a Nice Death,$24.99 USD
Miraculous: Rise of the Sphinx,$49.99 USD
ESCAPE FROM DOCY,$0.99 USD
Heroes of the galaxy,Gratis
Fishing at Lotus Lakes,$1.87 USD
Ghosted,$9.99 USD
TEMPUS,$6.99 USD
My Newborn Life In A Harem,$7.29 USD
Spirits of the Hellements,$6.59 USD
Dirty Wars: September 11,$4.99 USD
Lola - The Escape,$5.99 USD
Hidden Words,$4.99 USD
Domino Effect: Build and Topple,$4.99 USD
One Military Camp,$12.49 USD
100 Doors - Escape from Prison,$9.99 USD
City Legends: The Curse of the Crimson Shadow Collector's Edition,$6.99 USD
Cannibals,$8.99 USD
Match Three Pirates II,$5.79 USD
The Adventures of Detective Bron,Gratis
Fisherman's House,$2.99 USD
Petit Island,Gratis
Deluge: Threnody of Crashing Waves,Gratis
Axilon: Legend of Artifacts - Prologue,Gratis
You are a slave!,$0.99 USD
Doom Work,$1.99 USD
69 Erika Love,$1.99 USD
Blacken Slash,$9.99 USD
Sam & Max: Beyond Time and Space,$10.49 USD
Faraway: Arctic Escape,$2.99 USD
Faraway: Jungle Escape,$2.99 USD
Mother of All Secrets,Gratis
The Darkest Tales — Into the Nightmare,Gratis
SGS Fall Weiss,$24.99 USD
Crazy Athletics - Summer Sports & Games,$15.99 USD
Chronicles of 2 Heroes: Amaterasu's Wrath,$10.49 USD
Rocket Jump,$1.99 USD
Bomberpet,$0.99 USD
Lovely Animal Stories,$1.99 USD
Storage Chase,$0.89 USD
A Sinful Camp,$5.79 USD
Blocks Must Fall!,$1.79 USD
Blossom Tales 2: The Minotaur Prince,$14.99 USD
Momodora: Moonlit Farewell,$8.99 USD
